Skor,Nama Paket,Pemenang,Nama KLPD,Tahun Anggaran, Nilai Kontrak , NilaiPagu , Nilai HPS ,Kode Paket,Tanggal Pengumuman,Kategori Pengadaan,Sumber Dana
71,Pekerjaan Bangunan Gedung Peningkatan Stasiun Rangkasbitung,PT. PP (Persero) Tbk,Kementerian Perhubungan,2023," Rp128,157,080,722.00 "," Rp165,763,000,000.00 "," Rp154,076,673,000.00 ",92064114,05 Juni 2023,pekerjaan konstruksi,APBN
68,"Rehabilitasi Dermaga, Trestle dan Lapangan Penumpukan Pelabuhan Penajam Paser",PT. KEMBAR JAYA ABADI,Kementerian Perhubungan,2023," Rp22,080,344,800.00 "," Rp27,600,400,000.00 "," Rp27,600,431,000.00 ",92245114,24 Juni 2023,Pekerjaan Konstruksi,APBN
68,"Revitalisasi Terminal Penumpang Tipe A Purabaya, Sidoarjo",PT. GELORA MEGAH SEJAHTERA,Kementerian Perhubungan,2023," Rp23,420,587,999.00 "," Rp29,726,100,000.00 "," Rp29,275,735,000.00 ",90744114,25 Januari 2023,Pekerjaan Konstruksi,APBN
68,Pengadaan Garbarata 2 Tunel,PT Eratek Prima Indonesia,Kementerian Perhubungan,2023," Rp16,589,105,400.00 "," Rp16,755,000,000.00 "," Rp16,600,216,500.00 ",90966114,15 Maret 2023,pengadaan barang,APBN
64,Pengadaan Dewi Dewi Sekoci Tertutup,CV RAB DIMENSION KREATIF,Kementerian Perhubungan,2023," Rp3,763,085,600.00 "," Rp4,950,000,000.00 "," Rp4,703,857,000.00 ",92078114,17 Juli sd. 24 Juli 2023,Pekerjaan Konstruksi,APBN
64,Rehabilitasi Fasilitas Penunjang Pelabuhan,CV. INDAH KARYA MANDIRI,Kementerian Perhubungan,2023," Rp1,213,755,098.00 "," Rp1,620,185,500.00 "," Rp1,619,158,064.00 ",91414114,1 Maret sd. 6 Maret 2023,Pekerjaan Konstruksi,APBN
64,Timbunan Fasilitas Pelabuhan Jailolo (Tender Tidak Mengikat),CV. PERMATA KARYA,Kementerian Perhubungan,2023," Rp2,706,520,385.00 "," Rp3,383,152,000.00 "," Rp3,383,152,000.00 ",92673114,6 Oktober sd. 12 Oktober 2023,Pekerjaan Konstruksi,APBN
64,Pengadaan dan Pengiriman Kendaraan Foam Ternder Type II,PT. ANUGERAH PUTRA JAYA,Kementerian Perhubungan,2023," Rp12,445,719,999.00 "," Rp12,500,000,000.00 "," Rp12,499,000,000.00 ",90295114,1/3/2023,Pengadaan Barang,APBN
61,Penyelenggaraan Angkutan Udara Perintis Paket 2,PT. ASI Pudjiastuti Aviation,Kementerian Perhubungan,2023," Rp775,364,229,349.00 "," Rp7,762,110,000.00 "," Rp7,762,106,000.00 ",89996114,12/3/2022,"
Jasa Lainnya",APBN
61,Penyelenggaraan Angkutan Laut Perintis R-31,PT. CITRABARU ADINUSANTARA,Kementerian Perhubungan,2023," Rp12,770,568,000.00 "," Rp13,017,000,000.00 "," Rp12,956,490,000.00 ",89665114,11/22/2022,"
Jasa Lainnya",APBN
61,Penyelenggaraan Angkutan Laut Perintis R-29,PT. CITRABARU ADINUSANTARA,Kementerian Perhubungan,2023," Rp10,314,600,000.00 "," Rp10,547,200,000.00 "," Rp10,486,700,000.00 ",89663114,11/22/2022,"
Jasa Lainnya",APBN
61,Penyelenggaraan Angkutan Laut Perintis R -105,PT. LUAS LINE,Kementerian Perhubungan,2023," Rp11,029,950,724.00 "," Rp11,173,500,000.00 "," Rp11,173,494,000.00 ",89659114,11/22/2022,"
Jasa Lainnya",APBN
61,Pekerjaan Pembangunan Sisi Darat Bandar Udara Singkawang,PT. RANCANG BANGUN MANDIRI,Kementerian Perhubungan,2023," Rp2,801,545,771,408.00 "," Rp28,573,400,000.00 "," Rp28,573,437,000.00 ",89700114,12/28/2022,Pekerjaan Konstruksi,APBN
61,Pekerjaan Pembangunan Sisi Udara Bandar Udara Singkawang,PT. KARYA BANGUN MANDIRI PERSADA,Kementerian Perhubungan,2023," Rp9,001,923,747,639.00 "," Rp91,732,700,000.00 "," Rp91,732,716,000.00 ",89701114,12/28/2022,"
Pekerjaan Konstruksi",APBN
71,Pekerjaan Bangunan Gedung Peningkatan Stasiun Rangkasbitung,PT. PP (Persero) Tbk,Kementerian Perhubungan,2023," Rp128,157,080,722.00 "," Rp165,763,000,000.00 "," Rp154,076,673,000.00 ",92064114,6/5/2023,Pekerjaan Konstruksi,APBN
68,"Revitalisasi Terminal Penumpang Tipe A Purabaya, Sidoarjo",PT. GELORA MEGAH SEJAHTERA,Kementerian Perhubungan,2023," Rp23,420,587,999.00 "," Rp29,726,100,000.00 "," Rp29,275,735,000.00 ",90744114,1/25/2023,Pekerjaan Konstruksi,APBN
68,Pengadaan Garbarata 2 Tunel,PT Eratek Prima Indonesia,Kementerian Perhubungan,2023," Rp16,589,105,400.00 "," Rp16,755,000,000.00 "," Rp16,600,216,500.00 ",90966114,3/15/2023,Pengadaan Barang,APBN
68,"Rehabilitasi Dermaga, Trestle dan Lapangan Penumpukan Pelabuhan Penajam Paser",PT. KEMBAR JAYA ABADI,Kementerian Perhubungan,2023," Rp22,080,344,800.00 "," Rp27,600,400,000.00 "," Rp27,600,431,000.00 ",92245114,6/24/2023,Pekerjaan Konstruksi,APBN
64,Rehabilitasi Fasilitas Penunjang Pelabuhan,CV. INDAH KARYA MANDIRI,Kementerian Perhubungan,2023," Rp1,213,755,098.00 "," Rp1,620,190,000.00 "," Rp1,619,158,063.80 ",91414114,3/1/2023,Pekerjaan Konstruksi,APBN
64,Pengadaan dan Pengiriman Kendaraan Foam Ternder Type II,PT. ANUGERAH PUTRA JAYA,Kementerian Perhubungan,2023," Rp12,445,719,999.00 "," Rp1,250,000,000,000.00 "," Rp1,249,900,000,000.00 ",90295114,1/3/2023,Pengadaan Barang,APBN
64,Pengadaan Dewi Dewi Sekoci Tertutup,CV RAB DIMENSION KREATIF,Kementerian Perhubungan,2023," Rp3,763,085,600.00 "," Rp495,000,000,000.00 "," Rp470,385,700,000.00 ",92078114,7/17/2023,Pekerjaan Konstruksi,APBN
64,"Timbunan Fasilitas Pelabuhan Jailolo (Tender Tidak Mengikat)
",CV. PERMATA KARYA,Kementerian Perhubungan,2023," Rp2,706,520,385.00 "," Rp338,315,000,000.00 "," Rp338,315,200,000.00 ",92673114,10/6/2023,Pekerjaan Konstruksi,APBN
,Peningkatan/Rehabilitasi Pelabuhan Penyeberangan Pananaru,PT Citra Arya Persada,Kementerian Perhubungan,2024," Rp35,249,424,000.00 "," Rp39,449,000,000.00 "," Rp38,524,000,000.00 ",93085114,2 Desember 2023,Pekerjaan Konstruksi,APBN
,"PENINGKATAN JALUR KERETA API KM 0+000 - KM 8+000 LINTAS MAOS - CILACAP (MULTIYEARS 2023 - 2024)
",PT Bhakti Karya Utama,Kementerian Perhubungan,2024," Rp46,440,373,000.00 "," Rp51,027,069,000.00 "," Rp50,098,341,000.00 ",90392114,20 Desember 2022,Pekerjaan Konstruksi,APBN
,"PENINGKATAN JALUR KERETA API KM 12+200 - KM 21+000 LINTAS MAOS - CILACAP (MULTIYEARS 2023 - 2024)
",Nazma Tata Laksana,Kementerian Perhubungan,2024," Rp44,420,165,000.00 "," Rp49,533,789,000.00 "," Rp48,334,904,000.00 ",90394114,20 Desember 2022,Pekerjaan Konstruksi,APBN
,"Pembangunan Gedung Lab Persinyalan dan PPKA (Lelang tidak mengikat)
",PT Universal Inti Konstruksi,Kementerian Perhubungan,2024," Rp1,200,893,554,994.00 "," Rp14,486,092,000.00 "," Rp14,474,429,000.00 ",92977114,26 Nopember 2023,Pekerjaan Konstruksi,APBN
,"Pekerjaan Peningkatan Fasilitas Sisi Udara
",PT Noor Jaya Perkasa,Kementerian Perhubungan,2024," Rp4,688,024,249,234.00 "," Rp49,130,000,000.00 "," Rp48,754,812,000.00 ",92955114,23 Nopember 2023,Pekerjaan Konstruksi,APBN
,"Pembangunan Rambu Suar Pulau Mandangin
",Laksana Bumi Madani,Kementerian Perhubungan,2024," Rp1,454,535,239.00 "," Rp1,539,334,000.00 "," Rp1,537,627,000.00 ",92813114,31 Oktober 2023,Pekerjaan Konstruksi,APBN
,"Replacement Menara Suar Bawean 20 M Beton
",PT Keira Surya Kencana,Kementerian Perhubungan,2024," Rp2,788,378,535.00 "," Rp2,848,748,000.00 "," Rp284,831,446,952.00 ",92811114,31 Oktober 2023,Pekerjaan Konstruksi,APBN
,"Replacement Menara Suar Mamburit 40 M Beton dan Pekerjaan Talud
",PT Keira Surya Kencana,Kementerian Perhubungan,2024," Rp11,573,605,853.00 "," Rp12,009,586,000.00 "," Rp12,009,585,000.00 ",92810114,31 Oktober 2023,Pekerjaan Konstruksi,APBN
,"Rehabilitasi Fasilitas Pelabuhan Laut Midai
",PT Karya Dwiputra Indonesia,Kementerian Perhubungan,2024," Rp385,195,250,403.00 "," Rp47,598,000,000.00 "," Rp47,598,000,000.00 ",94106114,22 Januari 2024,Pekerjaan Konstruksi,APBN
,"Pembangunan Pos Kerja Ranai Wilker Selat Lampa
",Rafanda Al Razaak,Kementerian Perhubungan,2024," Rp584,658,000.00 "," Rp650,000,000.00 "," Rp649,970,000.00 ",92893114,13 Nopember 2023,Pekerjaan Konstruksi,APBN
,"Pembangunan Gedung Bimbingan Ketarunaan
",CV VIVA TUNGGAL,Kementerian Perhubungan,2024," Rp731,552,751,928.00 "," Rp9,424,495,000.00 "," Rp942,107,203,172.00 ",93649114,30 Desember 2023,Pekerjaan Konstruksi,APBN
,"Pembangunan Gedung Laboratorium
",CV Tenaga Inti,Kementerian Perhubungan,2024," Rp11,924,857,600.00 "," Rp14,906,203,000.00 "," Rp14,906,072,000.00 ",92948114,22 Nopember 2023,Pekerjaan Konstruksi,APBN
,"Pengembangan Bandar Udara Depati Parbo
",PT Putra Rato Mahkota,Kementerian Perhubungan,2024," Rp2,321,450,037,042.00 "," Rp24,317,400.00 "," Rp24,317,400,000.00 ",94159114,25 Januari 2024,Pekerjaan Konstruksi,APBN
,"Pengadaan Taxiway Guidance Sign
",PT Todo Mitra Utama,Kementerian Perhubungan,2024," Rp238,372,500.00 "," Rp250,000,000.00 "," Rp250,000,000.00 ",93253114,11 Desember 2023,Barang,APBN
,"PENGEMBANGAN BANDAR UDARA SM SALAHUDDIN TAHAP III
",PT Ayu Mustika Rizki,Kementerian Perhubungan,2024," Rp28,892,277,344.00 "," Rp29,250,000.00 "," Rp29,243,430,000.00 ",92927114,20 Nopember 2023,Pekerjaan Konstruksi,APBN
,"Relokasi Pagar Pengaman Sisi udara
",CV Coral,Kementerian Perhubungan,2024," Rp570,800,000.00 "," Rp601,328,000.00 "," Rp601,328,000.00 ",93590114,27 Desember 2023,Pekerjaan Konstruksi,APBN
,"Renovasi Gedung Kantor Tahap I
",PT Takabeya Teknik Konstruksi,Kementerian Perhubungan,2024," Rp7,672,000,000.00 "," Rp10,000,000,000.00 "," Rp9,590,000,000.00 ",93654114,1 Januari 2024,Pekerjaan Konstruksi,APBN
,"PEMBANGUNAN PELABUHAN PENYEBERANGAN KAIMANA KAB. KAIMANA TAHAP III
",PT Dharma Perdana Muda,Kementerian Perhubungan,2024," Rp5,673,555,515,949.00 "," Rp67,556,100,000.00 "," Rp63,121,100,000.00 ",93290114,13 Desember 2023,Pekerjaan Konstruksi,APBN
,"Renovasi Gedung dan Bangunan PPSDMPU
",PT Lamtorus Jaya Konstruksi,Kementerian Perhubungan,2024," Rp1,792,667,000.00 "," Rp2,045,738,000.00 "," Rp2,045,738,000.00 ",93958114,15 Januari 2024,Pekerjaan Konstruksi,APBN
,"Peningkatan Terminal Tipe A Malalayang
",PT Lubuk Indah,Kementerian Perhubungan,2024," Rp23,934,250,329.00 "," Rp27,027,028,000.00 "," Rp26,367,000,000.00 ",93834114,8 Januari 2024,Pekerjaan Konstruksi,APBN
,"Peningkatan/Rehabilitasi Pelabuhan Penyeberangan Lembeh
",CV Manna Gratia,Kementerian Perhubungan,2024," Rp6,266,193,000.00 "," Rp7,609,710,000.00 "," Rp7,295,000,000.00 ",93086114,2 Desember 2023,Pekerjaan Konstruksi,APBN
,"Peningkatan/Rehabilitasi Pelabuhan Penyeberangan Marore
",CV Tunas Jaya Karya,Kementerian Perhubungan,2024," Rp8,479,024,000.00 "," Rp11,028,601,000.00 "," Rp10,450,000,000.00 ",93672114,2 Januari 2024,Pekerjaan Konstruksi,APBN
,"Pembangunan Gedung Kelas A
",PT Sumarma Ahkon,Kementerian Perhubungan,2024," Rp29,500,823,000.00 "," Rp31,214,920,000.00 "," Rp31,166,255,000.00 ",93926114,13 Januari 2024,Pekerjaan Konstruksi,APBN
,"Pekerjaan Pembuatan Talud dan Drainase Gedung Operasional
",CV Rachmat Pratama,Kementerian Perhubungan,2024," Rp963,547,200.00 "," Rp1,307,500,000.00 "," Rp1,204,434,000.00 ",93712114,3 Januari 2024,Pekerjaan Konstruksi,APBN
,Belanja Modal Jalan dan Jembatan Pengadaan dan Pemasangan Fender Dermaga,CV. MULTISARANA UTAMA,Kementerian Perhubungan,2024," Rp1,402,344,300.00 "," Rp1,433,470,000.00 "," Rp1,433,470,000.00 ",90830114,24 Februari 2023,Pekerjaan Konstruksi,APBN
,Pembangunan Pedestrian Jalan Akses Keluar Bandara,CV. BAHANA LANGIT BIRU,Kementerian Perhubungan,2024," Rp799,000,000.00 "," Rp1,000,000,000.00 "," Rp1,000,000,000.00 ",87943114,29 Maret 2022,Pekerjaan Konstruksi,APBN
,Optimalisasi Kelistrikan Bandar Udara,PT. TODO MITRA UTAMA,Kementerian Perhubungan,2024," Rp147,395,587,425.00 "," Rp1,554,727,000.00 "," Rp1,553,988,381.00 ",93897114,6 Maret 2024,Barang,APBN
,Pengadaan Suku Cadang Pesawat Udara King Air B200 Series PK-CAN (Tender Tidak Mengikat),PT. AVIASI KARYA MANUNGGAL,Kementerian Perhubungan,2024," Rp153,679,082,751.00 "," Rp1,585,000,000.00 "," Rp1,584,821,737.79 ",94070114,28 Maret 2024,Barang,APBN
,"Perluasan Halaman Parkir PKP-PK (17 M X 12M), Termasuk Jalan Akses (170 M X 5 M)",CV.BUJON JAYA,Kementerian Perhubungan,2024," Rp4,187,613,211.00 "," Rp4,316,400,000.00 "," Rp4,313,000,727.92 ",93687114,2 Februari 2024,Pekerjaan Konstruksi,APBN
,"Pengadaan 14 Unit Pelampung Suar Diameter 2,6m (Steel) Lengkap Dengan Penjangkarannya",CV Azkamedia Teknologi Indonesia,Kementerian Perhubungan,2024," Rp7,127,887,200.00 "," Rp8,977,706,000.00 "," Rp8,977,691,100.00 ",92992114,28 Desember 2023,Barang,APBN
,Pekerjaan Pengadaan dan Pemasangan Pagar Pengaman Sisi Udara,CV. SURYA MANNA KARYA,Kementerian Perhubungan,2024," Rp1,445,500,000.00 "," Rp1,723,200,000.00 "," Rp1,722,282,041.23 ",93805114,14 Februari 2024,Pekerjaan Konstruksi,APBN
,Pembangunan Gedung Asrama C,PT. PULAU BINTAN BESTARI,Kementerian Perhubungan,2024," Rp36,000,000,000.00 "," Rp40,168,656,000.00 "," Rp40,000,000,000.00 ",94560114,1 Mei 2024,Pekerjaan Konstruksi,APBN
,Docking Kapal Patroli KNP.358,CV. Pantang Mundur,Kementerian Perhubungan,2024," Rp1,089,109,800.00 "," Rp1,849,900,000.00 "," Rp1,211,000,000.00 ",94512114,10 Maret 2024,Pekerjaan Konstruksi,APBN
,Rehab Dermaga Pelra Hiri,CV.ARDI GROUP,Kementerian Perhubungan,2024," Rp52,108,553,951.00 "," Rp577,517,000.00 "," Rp577,501,625.08 ",93684114,10 Maret 2024,Pekerjaan Konstruksi,APBN
,Pembangunan Fasilitas Pendukung Pelabuhan Tinombo,CV. INDAH KARYA MANDIRI,Kementerian Perhubungan,2024," Rp413,897,000.00 "," Rp474,254,000.00 "," Rp470,562,084.38 ",94043114,16 Maret 2024,Pekerjaan Konstruksi,APBN
,KEGIATAN PENANGANAN LONGSORAN KM. 02+600/700 ANTARA PALEDANG - BATUTULIS LINTAS BOGOR - SUKABUMI,PT. Krida Utama,Kementerian Perhubungan,2024," Rp1,452,578,792,064.00 "," Rp18,263,009,000.00 "," Rp18,155,956,000.00 ",94122114,23 Februari 2024,Pekerjaan Konstruksi,APBN
,Lanjutan Perbaikan dan Peningkatan Daya Dukung Landas Pacu Termasuk Marking,PT. TAMITA LAGENA JAYA,Kementerian Perhubungan,2024," Rp3,530,740,768,068.00 "," Rp40,000,000,000.00 "," Rp38,800,000,000.00 ",93101114,10 Januari 2024 ,Pekerjaan Konstruksi,Lainnya
,Pekerjaan Pembuatan Sistem Drainase Bandar Udara,BINTANG MUDA SEVRAN,Kementerian Perhubungan,2024," Rp6,592,928,000.00 "," Rp8,368,000,000.00 "," Rp8,367,400,000.00 ",93065114,31 Januari 2024,Pekerjaan Konstruksi,APBN
,Pekerjaan Landscape Gedung Terminal dan Fasilitas Penunjangnya,CV. UWAIS BERSAUDARA,Kementerian Perhubungan,2024," Rp4,479,560,000.00 "," Rp5,302,000,000.00 "," Rp5,301,554,000.00 ",93094114,29 Desember 2023,Pekerjaan Konstruksi,APBN
,Pekerjaan Tanah Pemenuhan Runway Strip - Tambelan,PT. Iman Karunia Karya,Kementerian Perhubungan,2024," Rp1,004,975,200,014.00 "," Rp12,617,690,000.00 "," Rp12,617,690,000.00 ",93526114,19 Januari 2024,Pekerjaan Konstruksi,APBN
,Pengadaan dan Pemasangan Rambu Sungai di DAS Mentaya Kabupaten Kotawaringin Timur,CV. HAYAK KAPAKAT,Kementerian Perhubungan,2024," Rp1,643,434,990.00 "," Rp1,694,300,000.00 "," Rp1,694,300,000.00 ",93570114,29 Mei 2024,Pekerjaan Konstruksi,APBN
,Pengadaan dan Pemasangan Rambu Sungai di DAS Cempaga Kabupaten Kotawaringin Timur,CV. HAYAK KAPAKAT,Kementerian Perhubungan,2024," Rp1,524,836,000.00 "," Rp1,694,300,000.00 "," Rp1,694,300,000.00 ",93569114,3 Juni 2024,Pekerjaan Konstruksi,APBN
,Pengadaan dan Pemasangan Rambu Sungai di DAS Tualan Kabupaten Kotawaringin Timur,BANGETAYU,Kementerian Perhubungan,2024," Rp1,529,569,677.00 "," Rp1,694,300,000.00 "," Rp1,694,300,000.00 ",93568114,29 Mei 2024,Pekerjaan Konstruksi,APBN
,Pengadaan dan Pemasangan Rambu Sungai di DAS Barito Kabupaten Murung Raya,CV. HASRAT USAHA MENJADI ABADI,Kementerian Perhubungan,2024," Rp1,499,475,073.00 "," Rp1,694,300,000.00 "," Rp1,694,263,000.00 ",93562114,7 Juni 2024,Pekerjaan Konstruksi,APBN
,Rehabilitasi Fasilitas Darat Pelabuhan Kalar-Kalar,CV. VENITA SAKTI,Kementerian Perhubungan,2024," Rp2,418,125,000.00 "," Rp2,521,945,000.00 "," Rp2,521,566,000.00 ",93651114,15 Februari 2024,Pekerjaan Konstruksi,APBN
,Optimalisasi Airfield Lighting System,PT. ABADI LAJU SEJAHTERA,Kementerian Perhubungan,2024," Rp457,320,000.00 "," Rp471,800,000.00 "," Rp471,800,000.00 ",94493114,4/4/2024,Barang,APBN
,Rehabilitasi Fasilitas Pokok Pelabuhan Laut Bonerate TA 2023-204,PT CIPTA SARANA JAYA PERKASA,Kementerian Perhubungan,2024," Rp291,571,834,721.00 "," Rp32,964,158,000.00 "," Rp32,397,023,000.00 ",92784114,2 Desember 2023 ,Pekerjaan Konstruksi,APBN
,"Pengadaan Pelampung Suar Steel diameter 2,6M (13 Unit) lengkap dengan lampu dan penjangkarannya",PT. INDOSUAR UTAMA,Kementerian Perhubungan,2024," Rp9,176,037,000.00 "," Rp10,433,150,000.00 "," Rp10,346,310,000.00 ",93940114,7 Maret 2024,Barang,APBN
,Pembangunan Rambu Suar T. 10 Meter Laut Konstruksi Single Pipe di Pelabuhan Waiwole dan Pelabuhan Reo (6 unit) serta Pembangunan Rambu Pelabuhan T.20 Meter Darat Konstruksi Beton di Pelabuhan Batutua,PT. LAWU JAYA,Kementerian Perhubungan,2024," Rp1,530,490,737,488.00 "," Rp19,107,842,000.00 "," Rp19,104,025,391.91 ",93892114,7 Februari 2024,Pekerjaan Konstruksi,APBN
,"Pelapisan Runway, Taxiway, Apron, Turning Area dan Fillet Termasuk Marking",Pt. Primanuka,Kementerian Perhubungan,2024," Rp16,893,150,000.00 "," Rp19,500,000,000.00 "," Rp19,500,000,000.00 ",94372114,4/17/2024,Pekerjaan Konstruksi,APBN
,Pembangunan Fasilitas Pelabuhan Kilo,CV. BONA MAJU BERKARYA,Kementerian Perhubungan,2024," Rp4,438,355,190.00 "," Rp4,871,495,000.00 "," Rp4,871,495,000.00 ",93961114,14 Maret 2024,Pekerjaan Konstruksi,APBN
,Perbaikan Permukaan Runway (700m x 30m) Termasuk Marking,CV PATRIOT ABADI,Kementerian Perhubungan,2024," Rp4,124,167,000.00 "," Rp4,694,000,000.00 "," Rp4,693,969,100.00 ",94508114,4/16/2024,Pekerjaan Konstruksi,APBN
,Pengadaan dan Pemasangan Rambu Sungai dan Danau termasuk Supervisi,CV. DUA RIBU SERATUS,Kementerian Perhubungan,2024," Rp905,191,294.00 "," Rp1,000,000,000.00 "," Rp924,446,190.16 ",94715114,2 Mei 2024,Pekerjaan Konstruksi,APBN
,Pembangunan Fasilitas Darat Pelabuhan Maliku - Badirih di Kabupaten Pulang Pisau,CV. HASRAT USAHA MENJADI ABADI,Kementerian Perhubungan,2024," Rp117,844,441,815.00 "," Rp1,280,959,000.00 "," Rp1,280,959,000.00 ",94127114,8 Mei 2024,Pekerjaan Konstruksi,APBN
,"Pekerjaan Perpanjangan Runway 12-30 Semula 1823 M x 45 M, Menjadi 2000 M x 45 M Termasuk Marking dan AFL",SENTRA BANGUN JAYA,Kementerian Perhubungan,2024," Rp3,231,211,558,501.00 "," Rp35,121,900,000.00 "," Rp35,121,900,000.00 ",94251114,16 Februari 2024,Pekerjaan Konstruksi,APBN
,Pekerjaan Pembuatan GSE Road dan Jalan Akses,cv.siminggir konda jaya,Kementerian Perhubungan,2024," Rp3,958,700,000.00 "," Rp4,100,000,000.00 "," Rp4,099,991,813.05 ",94484114,4/18/2024,Pekerjaan Konstruksi,APBN
,Pembangunan prasarana penunjang,CV. MAE MAE INA,Kementerian Perhubungan,2024," Rp172,972,784,337.00 "," Rp2,277,000,000.00 "," Rp2,162,159,804.21 ",94318114,4/27/2024,Pekerjaan Konstruksi,APBN
,Rekondisi Kendaraan PKP-PK,PT. ANUGERAH PUTRA JAYA,Kementerian Perhubungan,2024," Rp715,650,300.00 "," Rp720,000,000.00 "," Rp719,984,000.00 ",94527114,19 Maret 2024,Barang,APBN
,Rehabilitasi Gedung Kantor Pelabuhan Sawang,CV. SUMBER KARYA SEJATI,Kementerian Perhubungan,2024," Rp48,539,779,228.00 "," Rp550,000,000.00 "," Rp515,758,000.00 ",94658114,7 Mei 2024,Pekerjaan Konstruksi,APBN
,Pekerjaan Perluasan Gedung Shelter A2B Termasuk Pembuatan Halaman Parkir,CV MAJU ADIWARNA ABADI,Kementerian Perhubungan,2024," Rp87,373,447,173.00 "," Rp1,350,000,000.00 "," Rp1,000,022,055.11 ",94602114,4/25/2024,Pekerjaan Konstruksi,APBN
,Pembangunan Mess Pegawai BPTD Maluku Utara,CV. Lentera Hidup,Kementerian Perhubungan,2024," Rp13,779,954,000.00 "," Rp14,202,113,000.00 "," Rp14,135,495,000.00 ",93073114,16 Januari 2024,Pekerjaan Konstruksi,APBN
,Pengembangan Bandar Udara Sibisa ( Tender Tidak Mengikat),PT. RANSOE PILAR UTAMA,Kementerian Perhubungan,2024," Rp25,713,878,000.00 "," Rp30,000,000,000.00 "," Rp29,260,734,677.91 ",92880114,23 Mei 2024,Pekerjaan Konstruksi,APBN
,Pemenuhan Standar Runway Strip dan Resa,PT. Bahana Prima Nusantara,Kementerian Perhubungan,2024," Rp41,374,147,000.00 "," Rp46,600,000,000.00 "," Rp45,397,770,000.00 ",92947114,18 Januari 2024 ,Pekerjaan Konstruksi,APBN
,Pembangunan Gedung Cargo (500 m2) Termasuk Halaman Parkir,CV. TUJUHDUA SEJAHTERA MANDIRI,Kementerian Perhubungan,2024," Rp3,840,000,000.00 "," Rp4,800,000,000.00 "," Rp4,800,000,000.00 ",93231114,28 Februari 2024 ,Pekerjaan Konstruksi,APBN
,Replacement dan Peningkatan Fasilitas Pelabuhan Benteng,PT. TIRAI MEGAH UTAMA,Kementerian Perhubungan,2024," Rp31,600,070,000.00 "," Rp35,000,000,000.00 "," Rp34,986,454,000.00 ",93083114,24 Januari 2024,Pekerjaan Konstruksi,APBN
,Pekerjaan Pelapisan Jalan Perimeter dan Pembuatan Jalan Inspeksi,CV. Batudaka Jaya,Kementerian Perhubungan,2024," Rp2,262,463,050.00 "," Rp2,400,000,000.00 "," Rp2,386,000,000.00 ",93463114,3 Februari 2024 ,Pekerjaan Konstruksi,APBN
,PEKERJAAN REHABILITASI FASILITAS PENUNJANG OPERASIONAL PELABUHAN PIRU,Cv orantata,Kementerian Perhubungan,2024," Rp216,943,097,753.00 "," Rp2,437,405,000.00 "," Rp2,414,582,000.00 ",93549114,6 Februari 2024 ,Pekerjaan Konstruksi,APBN
,Penyelesaian Pembangunan Terminal Penumpang,PT. VIONA KENCANA PERMAI,Kementerian Perhubungan,2024," Rp889,030,038,614.00 "," Rp24,000,000,000.00 "," Rp9,549,992,700.00 ",93578114,29 Februari 2024,Pekerjaan Konstruksi,APBN
,Pembangunan Gedung Administrasi,CV.BENJA KARYA BERCAHAYA,Kementerian Perhubungan,2024," Rp819,500,000.00 "," Rp1,024,375,000.00 "," Rp1,024,375,000.00 ",94729114,16 Mei 2024,Pekerjaan Konstruksi,APBN
,Rehabilitasi Gedung Kantor KPLP,CV. ANDIKA KARYA,Kementerian Perhubungan,2024," Rp1,507,124,000.00 "," Rp1,885,850,000.00 "," Rp1,883,905,000.00 ",94675114,22 Mei 2024,Pekerjaan Konstruksi,APBN
,Pekerjaan Perbaikan Permukaan Runway termasuk Marking,Cv. Inti Papua Perkasa,Kementerian Perhubungan,2024," Rp3,146,700,000.00 "," Rp3,250,000,000.00 "," Rp3,249,321,587.06 ",94173114,27 Maret 2024,Pekerjaan Konstruksi,APBN
,Pembangunan Rumah Ibadah (Mushola),CV. NDARMO RENGGI,Kementerian Perhubungan,2024," Rp276,500,000,003.00 "," Rp3,000,000,000.00 "," Rp2,910,500,000.00 ",94326114,28 Februari 2024,Pekerjaan Konstruksi,APBN
,Lanjutan Pengembangan Faspel Kolonedale,PT. TIRAI MEGAH UTAMA,Kementerian Perhubungan,2024," Rp16,985,237,000.00 "," Rp19,256,638,000.00 "," Rp19,254,749,494.23 ",93942114,9 Maret 2024,Pekerjaan Konstruksi,APBN
,REHAB BERAT RUMAH OPERASIONAL TYPE 160 M2,Cv. Bomira Asri Grafika,Kementerian Perhubungan,2024," Rp1,141,565,700.00 "," Rp1,532,858,000.00 "," Rp1,426,487,700.00 ",95019114,14 Juni 2024,Pekerjaan Konstruksi,APBN
,Pembangunan Pelabuhan Lupak-Lupak Dalam Kabupaten Kapuas tahap IV di Kabupaten Kapuas,CV. INTI KARYA,Kementerian Perhubungan,2024," Rp5,410,958,430.00 "," Rp6,180,816,700.00 "," Rp6,180,816,700.00 ",95239114,14 Juni 2024,Pekerjaan Konstruksi,APBN
,Pembangunan Pelabuhan Basirih Hulu Bapinang Hulu tahap IV di Kabupaten Kotawaringin Timur,CV. PERMATA ZEIN,Kementerian Perhubungan,2024," Rp442,734,532,588.00 "," Rp5,408,849,000.00 "," Rp4,910,377,000.00 ",95220114,11 Juli 2024,Pekerjaan Konstruksi,APBN
,Pekerjaan Pelapisan Landas Pacu Menggunakan Asphalt Hotmix Termasuk Marking,CV.ALDI UTAMA,Kementerian Perhubungan,2024," Rp1,332,239,830,087.00 "," Rp14,375,840,000.00 "," Rp14,375,840,000.00 ",94190114,4/5/2024,Pekerjaan Konstruksi,APBN
,Pengadaan dan pemasangan pagar perimeter termasuk pagar keamanan,CV.DUTA CONSTRUCTION,Kementerian Perhubungan,2024," Rp778,900,000.00 "," Rp973,625,000.00 "," Rp973,625,000.00 ",94728114,17 Mei 2024,Pekerjaan Konstruksi,APBN
,Penyusunan dokumen rencana Penanganan Dampak Sosial Kemasyarakatan Naras - Sungai Limau,KJPP Anas Karim Rivai & Rekan,Kementerian Perhubungan,2024," Rp1,121,863,680.00 "," Rp1,373,500,000.00 "," Rp1,373,100,000.00 ",94763114,21 Mei 2024,Pekerjaan Konstruksi,APBN
,Replacement Menara Suar Sungai Torasi DSI 5996 T.40 M Darat Beton Beserta Fasilitas Penunjangnya.,PT.Pesona Global Teknologi,Kementerian Perhubungan,2024," Rp2,650,370,000,055.00 "," Rp27,400,759,000.00 "," Rp27,400,404,000.00 ",93464114,16 Januari 2024,Pekerjaan Konstruksi,APBN
,Pemenuhan Runway Strip dan Resa RW 04 dan RW 22,PT. MERDEKA INTI PERSADA,Kementerian Perhubungan,2024," Rp1,551,992,001,707.00 "," Rp19,400,000,000.00 "," Rp19,399,900,000.00 ",93179114,22 Januari 2024,Pekerjaan Konstruksi,APBN
,Pembangunan Terminal Barang Internasional Aruk Tahap VI (Tender Tidak Mengikat),PT. LESINDO BERSINAR,Kementerian Perhubungan,2024," Rp370,676,904,142.00 "," Rp38,000,000,000.00 "," Rp37,999,979,124.97 ",93379114,17 Januari 2024,Pekerjaan Konstruksi,APBN
,Pengadaan dan Pemasangan Conveyor Check-In,PT Eratek Prima Indonesia,Kementerian Perhubungan,2024," Rp1,785,268,500.00 "," Rp1,900,000,000.00 "," Rp1,900,000,000.00 ",93269114,8 Februari 2024,Barang,APBN
,Pembangunan Dermaga Kedisan di Danau Batur Tahap V,PT. MELANGIT JAYA MANDIRI,Kementerian Perhubungan,2024," Rp13,799,968,000.00 "," Rp17,250,000,000.00 "," Rp17,249,960,000.00 ",94140114,29 Februari 2024,Pekerjaan Konstruksi,APBN
,Pekerjaan Pembangunan Fasilitas Pendukung Pelabuhan Sampalan,PT. MAKMUR SULTENG RAYA,Kementerian Perhubungan,2024," Rp218,317,409,394.00 "," Rp2,418,161,000.00 "," Rp2,418,137,000.00 ",94489114,4/18/2024,Pekerjaan Konstruksi,APBN
,PENGEMBANGAN BANDAR UDARA BETOAMBARI (tidak mengikat),PT. Bahana Prima Nusantara,Kementerian Perhubungan,2024," Rp7,192,495,073,994.00 "," Rp78,019,064,200.00 "," Rp78,019,063,579.71 ",93565114,17 Januari 2024,Pekerjaan Konstruksi,APBN
,"Pengadaan dan Pemasangan Pagar BRC Sisi Udara Tinggi 2,44 m",CV. CAHAYA HAVIZA,Kementerian Perhubungan,2024," Rp5,869,810,345.00 "," Rp6,153,730,000.00 "," Rp6,119,700,000.00 ",94242114,4/1/2024,Pekerjaan Konstruksi,APBN
,Optimalisasi PLTS,PT. TODO MITRA UTAMA,Kementerian Perhubungan,2024," Rp1,916,403,900.00 "," Rp2,000,497,000.00 "," Rp2,000,000,000.22 ",94500114,2 Maret 2024,Barang,APBN
,Pengadaan dan Pemasangan Conveyor Check In,PT Eratek Prima Indonesia,Kementerian Perhubungan,2024," Rp1,623,943,000.00 "," Rp2,000,000,000.00 "," Rp2,000,000,000.00 ",93856114,21 Mei 2024,Barang,APBN
,Pembangunan Fasilitas Pelabuhan Laut Tulehu,REVORMA KURNIA,Kementerian Perhubungan,2024," Rp448,606,875.00 "," Rp562,669,000.00 "," Rp562,236,000.00 ",94076114,27 Februari 2024,Pekerjaan Konstruksi,APBN
,PEKERJAAN FASILITAS PELABUHAN LAUT REMBANG (TERMINAL SLUKE),cv.cakra bangun persada,Kementerian Perhubungan,2024," Rp708,197,713,304.00 "," Rp8,488,000,000.00 "," Rp8,488,000,000.00 ",95162114,26 Juni 2024,Pekerjaan Konstruksi,APBN
,Pembangunan Halte Sungai Termasuk Supervisi,PT. Hakima Inti Perkasa,Kementerian Perhubungan,2024," Rp239,588,278,049.00 "," Rp2,500,000,000.00 "," Rp2,406,003,128.38 ",95377114,10 Juli 2024,Pekerjaan Konstruksi,APBN
,Fasilitas Pelabuhan Laut Eray,PT. CITRA ARYA PERSADA,Kementerian Perhubungan,2024," Rp14,981,430,470.00 "," Rp16,504,251,045.00 "," Rp16,504,251,000.00 ",94289114,14 Maret 2024,Pekerjaan Konstruksi,APBN
,Penanganan Longsoran pada KM.63+1/2 antara Doplang Randublatung (Jalur Hulu) lintas Semarang - Surabaya Pasar Turi Tahap II,PT PURI BUANA UTAMA,Kementerian Perhubungan,2024," Rp731,327,253,699.00 "," Rp10,000,000,000.00 "," Rp9,276,584,600.00 ",94609114,27 Juni 2024,Pekerjaan Konstruksi,APBN
,Peningkatan Menara Suar Pulau Bompies DSI 2990 dan Fasilitas Penunjang Lainnya,PT. KEIRA SURYA KENCANA,Kementerian Perhubungan,2024," Rp9,180,472,338.00 "," Rp11,724,960,000.00 "," Rp10,182,489,000.00 ",94419114,22 Maret 2024 ,Pekerjaan Konstruksi,APBN
,Pekerjaan Pengembangan Bandar Udara Emalamo - Sanana,PT. HIKMAH HIDUP GEMILANG,Kementerian Perhubungan,2024," Rp2,234,607,172,399.00 "," Rp24,060,491,000.00 "," Rp24,059,000,000.00 ",93709114,16 Maret 2024,Pekerjaan Konstruksi,APBN
,Pembangunan Pagar Pengamanan Segmen 2 Wilayah Backup Area Pelabuhan Patimban Ta. 2024,cv sulawesi karya delapan delapan,Kementerian Perhubungan,2024," Rp1,036,005,613,086.00 "," Rp12,990,888,467.00 "," Rp12,990,888,467.00 ",94381114,4/30/2024,Pekerjaan Konstruksi,APBN
,Renovasi Gedung VIP (Eks BMD Pemda) menjadi Gedung EOC beserta Meubelair dan kelengkapan,CV KARYA LESTARI,Kementerian Perhubungan,2024," Rp1,299,932,000.00 "," Rp1,625,035,000.00 "," Rp1,624,915,000.00 ",94685114,25 Juni 2024,Pekerjaan Konstruksi,APBN
,Pembangunan Halte Sungai Desa Kayu Aro (Parit IV) Kec. Senyerang Kab. Tanjab Barat,DI NUR MANDIRI,Kementerian Perhubungan,2024," Rp233,577,099,108.00 "," Rp2,366,000,000.00 "," Rp2,364,900,000.00 ",94777114,4/30/2024,Pekerjaan Konstruksi,APBN
,Pembangunan Halte Sungai Desa Parit Pudin Kec. Pengabuan Kab. Tanjab Barat,CV. TOGGLE REKAYASA,Kementerian Perhubungan,2024," Rp254,386,906,378.00 "," Rp2,732,500,000.00 "," Rp2,731,100,000.00 ",94780114,1 Mei 2024,Pekerjaan Konstruksi,APBN
,Pembangunan Halte Sungai Desa Koto Kandis Dendang Kec. Dendang Kab. Tanjab Timur,cv.suryacitrapersada,Kementerian Perhubungan,2024," Rp228,398,259,253.00 "," Rp2,430,800,000.00 "," Rp2,429,700,000.00 ",94778114,2 Mei 2024,Pekerjaan Konstruksi,APBN
,Pembangunan Halte Sungai Dusun Harapan Desa Sungai Tawar Kab. Tanjab Timur,RAFANDA AL RAZAAK,Kementerian Perhubungan,2024," Rp205,387,245,507.00 "," Rp2,185,400,000.00 "," Rp2,184,700,000.00 ",94757114,3 Mei 2024,Pekerjaan Konstruksi,APBN
,Pembangunan Halte Sungai RT. 01 Parit Bamin Desa Mekar Alam Kec. Seberang Kota Kab. Tanjab Barat,CV. MOZHA & CO,Kementerian Perhubungan,2024," Rp2,281,186,348.00 "," Rp2,316,500,000.00 "," Rp2,315,300,000.00 ",94782114,1 Mei 2024,Pekerjaan Konstruksi,APBN
,PEMBANGUNAN HALTE SUNGAI TUMPUNG LAUNG DI DAS BARITO KABUPATEN BARITO UTARA,CV. HASRAT USAHA MENJADI ABADI,Kementerian Perhubungan,2024," Rp223,929,137,711.00 "," Rp2,500,000,000.00 "," Rp2,500,000,000.00 ",95253114,15 Juni 2024,Pekerjaan Konstruksi,APBN
,Peningkatan dan Rehabilitasi UPPKB Pasar Panas,CV.TIRTA KENCANA JAYA,Kementerian Perhubungan,2024," Rp430,822,423,764.00 "," Rp4,445,644,000.00 "," Rp4,445,644,000.00 ",94865114,13 Juni 2024,Pekerjaan Konstruksi,APBN
,Lanjutan Pengembangan Fasilitas Pelabuhan Jailolo Sisi Darat,CV.Roda Mas Beton,Kementerian Perhubungan,2024," Rp1,006,286,109,599.00 "," Rp12,706,063,000.00 "," Rp12,594,313,000.00 ",94947114,29 Mei 2024,Pekerjaan Konstruksi,APBN
,"Docking KN Kalawai P.117(Sistem Perpipaan, Kelistrikan Dan Navigasi)",CV EVADA JAYA,Kementerian Perhubungan,2024," Rp2,415,834,850.00 "," Rp2,475,000,000.00 "," Rp2,474,365,000.00 ",81155114,26 Agustus 2021,Pekerjaan Konstruksi,APBN
,Perkuatan Dermaga Pelabuhan Kaledupa (tidak mengikat),PT SUATRI,Kementerian Perhubungan,2024," Rp3,586,839,417,371.00 "," Rp38,970,488,000.00 "," Rp38,970,488,000.00 ",92901114,27 Desember 2023,Pekerjaan Konstruksi,APBN
,"Revitalisasi/Peningkatan Terminal Tipe A Aryawiraraja, Sumenep",PT. BAHANA SUPRINDO KREASI,Kementerian Perhubungan,2024," Rp25,991,971,700.00 "," Rp28,899,000,000.00 "," Rp28,882,000,000.00 ",94699114,7 Mei 2024,Pekerjaan Konstruksi,APBN
,Peningkatan Fasilitas Pelabuhan Laut Lerokis (tidak mengikat),PT. CITRA ARYA PERSADA,Kementerian Perhubungan,2024," Rp39,650,310,000.00 "," Rp44,955,000,000.00 "," Rp44,955,000,000.00 ",92891114,6 Januari 2024,Pekerjaan Konstruksi,APBN
,Rehabilitasi Fasilitas Pelabuhan Laut Marampit (Lelang Tidak Mengikat),PT. REALITA TIMUR PERKASA,Kementerian Perhubungan,2024," Rp37,319,249,000.00 "," Rp41,727,963,600.00 "," Rp41,727,654,333.26 ",92892114,29 Desember 2023,Pekerjaan Konstruksi,APBN
,Pembangunan Fasilitas Pelabuhan Laut Ilwaki (tidak mengikat),PT. TIRAI MEGAH UTAMA,Kementerian Perhubungan,2024," Rp1,710,086,844,899.00 "," Rp19,230,680,000.00 "," Rp19,230,680,000.00 ",92899114,30 Desember 2023,Pekerjaan Konstruksi,APBN
,Lanjutan Perluasan Gedung Terminal Termasuk Utilitas,CV. DELTA KARYA,Kementerian Perhubungan,2024," Rp8,391,608,000.00 "," Rp9,536,390,000.00 "," Rp9,536,390,000.00 ",93210114,18 Januari 2024,Pekerjaan Konstruksi,APBN
,Lanjutan Pembangunan Talud Penahan Bahu Landasan dan Strip,PT. PEMBANGUNAN REKANUSANTARA PERKASA,Kementerian Perhubungan,2024," Rp24,408,725,000.00 "," Rp30,463,610,000.00 "," Rp28,998,950,000.00 ",93209114,30 Januari 2024,Pekerjaan Konstruksi,APBN
,Perpanjangan landas pacu dari 2.275 m x 45 m menjadi 2.400 m x 45 m termasuk pembuatan runway strip dan marking,PT. MITRA AGUNG INDONESIA,Kementerian Perhubungan,2024," Rp8,313,988,416,145.00 "," Rp84,292,682,926.00 "," Rp84,281,026,539.00 ",93040114,26 Januari 2024,Pekerjaan Konstruksi,APBN
,Pengembangan Bandar Udara Dobo,LINTAS EQUATOR,Kementerian Perhubungan,2024," Rp5,639,606,035,547.00 "," Rp58,200,000,000.00 "," Rp58,200,000,000.00 ",93061114,2 Februari 2024,Pekerjaan Konstruksi,APBN
,Pengembangan Bandar Udara Numfoor,PT. KALAPA SATANGKAL MAKMUR SEJAHTERA,Kementerian Perhubungan,2024," Rp3,855,682,198,789.00 "," Rp43,500,000,000.00 "," Rp43,309,831,710.67 ",93082114,29 Januari 2024,Pekerjaan Konstruksi,APBN
,Pembangunan Pelabuhan Penyeberangan Leti Tahap V,PT CIPTA SARANA JAYA PERKASA,Kementerian Perhubungan,2024," Rp29,300,000,000.00 "," Rp32,073,140,000.00 "," Rp31,177,380,828.82 ",93604114,27 Februari 2024,Pekerjaan Konstruksi,APBN
,Rehabilitasi Fasilitas Pokok Pelabuhan Laut Agats,MITRA TIRTA RAYA,Kementerian Perhubungan,2024," Rp3,032,637,189,247.00 "," Rp34,213,618,000.00 "," Rp34,186,191,000.00 ",93097114,30 Januari 2024,Pekerjaan Konstruksi,APBN
,Pekerjaan Pengadaan dan Pemasangan Pagar Pengaman Sisi Udara,CV. SURYA MANNA KARYA,Kementerian Perhubungan,2024," Rp1,445,500,000.00 "," Rp1,723,200,000.00 "," Rp1,722,282,041.23 ",93805114,14 Februari 2024,Pekerjaan Konstruksi,APBN
,"Pembangunan Masjid Bandara, Volume 1 (Satu) Paket",CV. ANDIKA KARYA,Kementerian Perhubungan,2024," Rp1,079,600,000.00 "," Rp1,350,000,000.00 "," Rp1,349,500,000.00 ",93831114,19 Maret 2024,Pekerjaan Konstruksi,APBN
,"Pengadaan dan Pemasangan Kanopi Gedung Terminal dan Tempat Parkir Kendaraan , Volume 1 (Satu) Paket",BINTANG MUDA SEVRAN,Kementerian Perhubungan,2024," Rp169,081,884,101.00 "," Rp2,160,000,000.00 "," Rp2,154,000,000.00 ",93827114,7 Maret 2024,Pekerjaan Konstruksi,APBN
,"Penataan Gedung Terminal Termasuk kelengkapannya, Volume 1 (Satu) Paket",CV. Grha Mulia Abadi,Kementerian Perhubungan,2024," Rp167,985,656,559.00 "," Rp2,150,000,000.00 "," Rp2,126,542,000.00 ",93820114,12 Maret 2024,Pekerjaan Konstruksi,APBN
,Lanjutan Pengembangan Fasilitas Pelabuhan Laut Nusa Penida,CV. OLIVIA AGROINDO SEJAHTERA,Kementerian Perhubungan,2024," Rp7,134,070,000.00 "," Rp8,089,050,000.00 "," Rp8,089,000,000.00 ",94861114,16 Mei 2024,Pekerjaan Konstruksi,APBN
,Pembangunan Rumah Dinas Jabatan,CV. TRI MANDALA UTAMA,Kementerian Perhubungan,2024," Rp47,917,605,043.00 "," Rp504,852,000.00 "," Rp504,852,000.00 ",94547114,4/27/2024,Pekerjaan Konstruksi,APBN
,Optimalisasi Kelistrikan,PT. TODO MITRA UTAMA,Kementerian Perhubungan,2024," Rp147,395,587,425.00 "," Rp1,554,727,000.00 "," Rp1,553,988,381.00 ",93897114,6 Maret 2024,Barang,APBN
,Peningkatan/Revitalisasi Terminal Tipe A Mandalika,PT. ANINDHIKA JAYA PRATAMA,Kementerian Perhubungan,2024," Rp2,218,000,073,277.00 "," Rp27,726,400,000.00 "," Rp27,725,000,915.96 ",94351114,7 Maret 2024,Pekerjaan Konstruksi,APBN
,Konstruksi Perkuatan Fasilitas Pelabuhan Namrole,cv sulawesi karya delapan delapan,Kementerian Perhubungan,2024," Rp9,906,900,000.00 "," Rp11,043,500,000.00 "," Rp11,043,500,000.00 ",94168114,19 Maret 2024,Pekerjaan Konstruksi,APBN
,Pembangunan Dermaga Sungai Salek (Tahap I),CV.Anugerah Nusantara Mandiri,Kementerian Perhubungan,2024," Rp12,851,606,749.00 "," Rp14,075,481,000.00 "," Rp13,998,297,000.00 ",94231114,22 Mei 2024,Pekerjaan Konstruksi,APBN
,Pembangunan Dermaga Sungai Upang (Tahap I),CV.Anugerah Nusantara Mandiri,Kementerian Perhubungan,2024," Rp1,284,970,329,138.00 "," Rp14,075,481,000.00 "," Rp13,998,301,992.51 ",94230114,13 Juni 2024,Pekerjaan Konstruksi,APBN
,Rehabilitasi Dermaga Pelabuhan Sungai Lumpur,PT. REKA BUANA KARYA,Kementerian Perhubungan,2024," Rp14,694,571,146.00 "," Rp15,777,916,000.00 "," Rp15,702,789,506.83 ",94228114,13 Juni 2024,Pekerjaan Konstruksi,APBN
,Rehabilitasi Dermaga Pelabuhan Sungai Karang Baru,PT. PACIFIC SOLUSI,Kementerian Perhubungan,2024," Rp21,962,111,964.00 "," Rp22,411,166,343.00 "," Rp22,296,037,000.00 ",94220114,26 Juni 2024,Pekerjaan Konstruksi,APBN
,"Lanjutan Rekonstruksi dan Pelapisan Runway, Taxiway dan Apron dengan Ashpalt Hotmix termasuk Marking",CV PATRIOT ABADI,Kementerian Perhubungan,2024," Rp8,719,375,085.00 "," Rp9,708,738,000.00 "," Rp9,708,073,000.00 ",95208114,14 Juni 2024,Pekerjaan Konstruksi,APBN
,Pembangunan Sisi Laut Pelabuhan Daruba,CV. ASKONSTRUKSI,Kementerian Perhubungan,2024," Rp622,934,966,589.00 "," Rp12,223,406,213.00 "," Rp7,786,663,376.28 ",94370114,30 Mei 2024,Pekerjaan Konstruksi,APBN
,Pengadaan 2 unit Boat Survey,pt trisetia cipta persada,Kementerian Perhubungan,2024," Rp8,910,336,300.00 "," Rp9,090,725,000.00 "," Rp9,060,400,000.00 ",94557114,8 Mei 2024,Pekerjaan Konstruksi,APBN
,"Revitalisasi/Peningkatan Terminal Tipe A Arjosari, Malang",PT WAHYU PRIMA,Kementerian Perhubungan,2024," Rp18,411,027,200.00 "," Rp23,014,000,000.00 "," Rp23,013,784,000.00 ",95172114,26 Juni 2024,Pekerjaan Konstruksi,APBN
,Rehabilitasi Terminal Penumpang Tipe A Giwangan,PT. PUTRA JOGJA ISTIMEWA,Kementerian Perhubungan,2024," Rp1,091,874,651,652.00 "," Rp14,400,000,000.00 "," Rp14,399,981,766.68 ",94775114,7 Juni 2024 ,Pekerjaan Konstruksi,APBN
,Rehabilitasi Unit Pelaksana Penimbangan Kendaraan Bermotor UPPKB Tanjung,PT SEJATI RAYA PERKASA ABADI,Kementerian Perhubungan,2024," Rp4,925,000,000.00 "," Rp6,000,000,000.00 "," Rp5,899,991,191.00 ",94899114,"	1 Juni 2024",Pekerjaan Konstruksi,APBN
,Rehabilitasi Unit Pelaksana Penimbangan Kendaraan Bermotor UPPKB Banyudono,CV. MAS AGUNG,Kementerian Perhubungan,2024," Rp494,672,105,581.00 "," Rp6,000,000,000.00 "," Rp5,899,936,246.00 ",94838114,1 Juni 2024 ,Pekerjaan Konstruksi,APBN
,Peningkatan / revitalisasi Terminal Penumpang Tipe A Cepu,PT. Apro Megatama,Kementerian Perhubungan,2024," Rp27,456,079,648.00 "," Rp31,000,000,000.00 "," Rp30,999,974,134.00 ",91226114,4/6/2023,Pekerjaan Konstruksi,APBN
,"Peningkatan/ Revitalisasi Terminal Penumpang Tipe A Tidar, Magelang",PT. RAMADIKA MANDIRI,Kementerian Perhubungan,2024," Rp21,304,780,366.00 "," Rp25,000,000,000.00 "," Rp23,999,998,918.00 ",91317114,4/6/2023,Pekerjaan Konstruksi,APBN
,"Lanjutan Rekonstruksi dan Pelapisan Runway, Taxiway dan Apron dengan Ashpalt Hotmix termasuk Marking (Blokir AA)",CV PATRIOT ABADI,Kementerian Perhubungan,2024," Rp8,719,375,085.00 "," Rp9,708,738,000.00 "," Rp9,708,073,000.00 ",95208114,14 Juni 2024,Pekerjaan Konstruksi,APBN
,Rehabilitasi Fasilitas Pelabuhan Larat,Trans Aselabar Abadi,Kementerian Perhubungan,2024," Rp1,869,570,400.00 "," Rp2,414,909,000.00 "," Rp2,336,963,000.00 ",95313114,10 Juli 2024,Pekerjaan Konstruksi,APBN
,Peningkatan/Revitalisasi Terminal Penumpang Tipe A Bobotsari,CV. Abda karya mandiri,Kementerian Perhubungan,2024," Rp11,680,000,000.00 "," Rp15,259,267,000.00 "," Rp14,600,000,000.00 ",95188114,7 Juni 2024,Pekerjaan Konstruksi,APBN
,Pembangunan Rumah Dinas 3 Unit Dan Pematangan Lahan,CV. BERKAT BERSAMA,Kementerian Perhubungan,2024," Rp323,732,935,251.00 "," Rp8,272,464,000.00 "," Rp4,050,184,000.00 ",95128114,17 Juli 2024 ,Pekerjaan Konstruksi,APBN
,Pekerjaan Beautifikasi Stasiun Klaten Tahap I (SYC 2024),PT WAHYU PRIMA,Kementerian Perhubungan,2024," Rp14,106,521,600.00 "," Rp18,375,000,000.00 "," Rp17,633,152,000.00 ",95136114,28 Juni 2024,Pekerjaan Konstruksi,APBN
,Rehabilitasi Gedung Stasiun Penerima Tambak Aji SROP Semarang,GRIYA BUANA NARATAMA,Kementerian Perhubungan,2024," Rp93,597,409,453.00 "," Rp1,151,356,000.00 "," Rp1,095,220,000.00 ",95325114,17 Juli 2024,Pekerjaan Konstruksi,APBN
,Pembangunan Mess Pegawai BPTD Maluku Utara Tahap II,PT.INOVASI MULTI KREASI,Kementerian Perhubungan,2024," Rp8,008,000,000.00 "," Rp8,212,638,000.00 "," Rp8,212,638,000.00 ",95176114,"	12 Juli 2024",Pekerjaan Konstruksi,APBN
,Pembangunan Bangunan Operasional,CV. ANTAR PULAU EMAS,Kementerian Perhubungan,2024," Rp2,320,000,000.00 "," Rp2,900,000,000.00 "," Rp2,900,000,000.00 ",94736114,28 Juni 2024,Pekerjaan Konstruksi,APBN
,Pekerjaan Pengembangan Fasilitas Pelabuhan Laut Sungai Nyamuk TA 2024,PT. SENA SANJAYA MAKMUR SEJAHTERA,Kementerian Perhubungan,2024," Rp63,358,800,800.00 "," Rp67,716,944,000.00 "," Rp67,545,096,073.24 ",92900114,13 Januari 2024,Pekerjaan Konstruksi,APBN
,Perbaikan Permukaan Runway (Tender tidak mengikat),PT. Cipta Sarana Manggarai,Kementerian Perhubungan,2024," Rp1,248,297,755,324.00 "," Rp12,886,700,000.00 "," Rp12,870,000,000.00 ",94314114,22 Maret 2024,Pekerjaan Konstruksi,APBN
,Renovasi Gedung Terminal Penumpang (Tender tidak mengikat),PT. GELORA MEGAH SEJAHTERA,Kementerian Perhubungan,2024," Rp281,886,907,812.00 "," Rp29,363,300,000.00 "," Rp29,361,000,000.00 ",93263114,19 Januari 2024,Pekerjaan Konstruksi,APBN
,Peningkatan kapasitas sisi udara (overlay runway dengan AC-WC tebal rata- rata 5 cm dan perluasan apron,PT.SUMBER BANGUN SENTOSA,Kementerian Perhubungan,2024," Rp7,251,645,973,938.00 "," Rp78,000,000,000.00 "," Rp77,908,460,000.00 ",93691114,15 Februari 2024,Pekerjaan Konstruksi,APBN
,Pengembangan Fasilitas Pelabuhan Laut Tahuna (tidak mengikat),PT. REALITA TIMUR PERKASA,Kementerian Perhubungan,2024," Rp3,823,350,829,921.00 "," Rp42,720,205,949.00 "," Rp42,720,205,949.00 ",92890114,"	6 Januari 2024",Pekerjaan Konstruksi,APBN
,Lanjutan Pembangunan Faspel Laut Luwuk (Tidak Mengikat),PT.ESPREZZA CIPTA GRIYA,Kementerian Perhubungan,2024," Rp4,867,759,396,911.00 "," Rp52,481,000,000.00 "," Rp52,459,218,561.67 ",93275114,20 Januari 2024,Pekerjaan Konstruksi,APBN
,"Revitalisasi/Peningkatan Terminal Penumpang Tipe A Tawang Alun, Jember",PT.JAYA ETIKA TEKNIK,Kementerian Perhubungan,2024," Rp25,817,910,000.00 "," Rp28,063,000,000.00 "," Rp28,063,000,000.00 ",93041114,20 Januari 2024,Pekerjaan Konstruksi,APBN
,Rehabilitasi Fasilitas Pelabuhan Laut Kendidi Reo (lelang tidak mengikat),PILAR ATMOKO KONSTRUKSI,Kementerian Perhubungan,2024," Rp41,791,999,635.00 "," Rp91,850,400,000.00 "," Rp45,925,200,000.00 ",92864114,31 Januari 2024,Pekerjaan Konstruksi,APBN
,"Pembangunan Gedung Terminal, Gedung Power House dan Gedung PKP-PK Bandar Udara Sobaham",CV. TIMUR PERMAI,Kementerian Perhubungan,2024," Rp637,277,428,067.00 "," Rp7,280,200,000.00 "," Rp7,280,200,000.00 ",92876114,29 Desember 2023,Pekerjaan Konstruksi,APBN
,Lanjutan Pekerjaan Pembangunan Fasilitas Sisi Udara,PT. Pilar Dasar Membangun,Kementerian Perhubungan,2024," Rp6,710,717,450,532.00 "," Rp73,805,000,000.00 "," Rp73,805,000,000.00 ",92873114,4 Januari 2024,Pekerjaan Konstruksi,APBN
,Lanjutan Pengembangan Fasilitas Pelabuhan Laut Namlea,PILAR ATMOKO KONSTRUKSI,Kementerian Perhubungan,2024," Rp3,994,270,833,688.00 "," Rp43,879,025,825.00 "," Rp43,879,024,632.75 ",92877114,5 Januari 2024,Pekerjaan Konstruksi,APBN
,"Lanjutan Pekerjaan Pelapisan Runway, Taxiway dan Apron dengan Asphalt Hotmix termasuk Marking",PT.ADISTI_INDAH,Kementerian Perhubungan,2024," Rp380,917,364,104.00 "," Rp40,000,000,000.00 "," Rp38,972,200,000.00 ",92919114,28 Desember 2023,Pekerjaan Konstruksi,APBN
,Pengadaan dan Pemasangan Flood Light High Mast Motorized,PT.ENGGAL BERSAUDARA JAYA,Kementerian Perhubungan,2024," Rp2,200,509,288.00 "," Rp2,400,000,000.00 "," Rp2,397,000,000.00 ",94969114,30 Mei 2024,Barang,APBN
,Overlay Taxiway B dan Taxiway C Termasuk Marking,CV. RUMBOI,Kementerian Perhubungan,2024," Rp6,212,097,009.00 "," Rp7,355,466,000.00 "," Rp6,897,822,000.00 ",93626114,20 Januari 2024,Pekerjaan Konstruksi,APBN
,Pembuatan Apron Maintenance Termasuk Marking,PT. SUKAMAJU,Kementerian Perhubungan,2024," Rp14,376,305,000.00 "," Rp16,388,743,000.00 "," Rp16,069,629,000.00 ",93576114,17 Februari 2024,Pekerjaan Konstruksi,APBN
,Pembuatan Jalan Akses PKP-PK,CV. KARAPAUW KAME,Kementerian Perhubungan,2024," Rp488,715,046,832.00 "," Rp6,139,731,000.00 "," Rp5,753,708,000.00 ",93615114,15 Februari 2024,Pekerjaan Konstruksi,APBN
,Pembuatan Hanggar Perawatan,PT. AULIA MULTI SARANA,Kementerian Perhubungan,2024," Rp49,467,671,000.00 "," Rp57,987,060,000.00 "," Rp53,959,248,000.00 ",93737114,16 Februari 2024,Pekerjaan Konstruksi,APBN
,Pengembangan sisi darat,CV. AGRALOKA PAPUA JAYA,Kementerian Perhubungan,2024," Rp604,793,975,594.00 "," Rp6,843,068,000.00 "," Rp6,843,009,238.60 ",93136114,25 Januari 2024,Pekerjaan Konstruksi,APBN
,Pengembangan sisi udara,PT. MEGAH PAPUA JAYA,Kementerian Perhubungan,2024," Rp1,661,741,915,351.00 "," Rp17,305,144,000.00 "," Rp17,280,804,563.64 ",93099114,14 Maret 2024,Pekerjaan Konstruksi,APBN
,Pekerjaan Lanjutan Pembangunan Kawasan Sisi Darat Jalan Akses termasuk Pagar Pengaman dan Pengawasan,APHASKO UTAMAJAYA,Kementerian Perhubungan,2024," Rp18,960,000,000.00 "," Rp19,513,000,000.00 "," Rp19,513,000,000.00 ",90147114,6 Januari 2023,Pekerjaan Konstruksi,APBN
,Pengembangan Bandar Udara Binaka Tahap II,PT. Subota International Contractor,Kementerian Perhubungan,2024," Rp83,233,589,387.00 "," Rp87,750,000,000.00 "," Rp87,728,700,000.00 ",93252114,17 Januari 2024,Pekerjaan Konstruksi,APBN
,Pengembangan Bandar Udara Ilaga,PT. Marta Teknik Tunggal,Kementerian Perhubungan,2024," Rp7,027,060,443,194.00 "," Rp71,188,066,000.00 "," Rp71,185,147,000.00 ",93197114,19 Januari 2024,Pekerjaan Konstruksi,APBN
,Pembangunan Bandara Agandugume,CV. RAJAWALI,Kementerian Perhubungan,2024," Rp41,860,237,527.00 "," Rp4,800,000,000.00 "," Rp4,739,299,000.00 ",93224114,20 Maret 2024,Pekerjaan Konstruksi,APBN
,Pengadaan dan Pemasangan Jalur Kabel dari Gedung PH ke Gedung Operasional Lainnya kawasan sisi darat baru,CV. LOVRY ABADI,Kementerian Perhubungan,2024," Rp1,950,814,700.00 "," Rp2,048,245,000.00 "," Rp2,047,000,000.00 ",93525114,13 Maret 2024,Barang,APBN
,Rehabilitasi Faspel Dermaga Sapudi,PT. Karya Dwiputra Indonesia,Kementerian Perhubungan,2024," Rp2,837,169,072,847.00 "," Rp31,123,192,000.00 "," Rp31,123,192,000.00 ",93728114,22 Februari 2024,Pekerjaan Konstruksi,APBN
,Pekerjaan Konstruksi Renovasi Gedung Perkantoran Prodi Manajemen Bandar Udara,CV. SMART NIAGA INTERNUSA,Kementerian Perhubungan,2024," Rp10,764,000,000.00 "," Rp11,947,545,000.00 "," Rp11,700,000,000.00 ",94003114,26 Februari 2024,Pekerjaan Konstruksi,APBN
,Pekerjaan Reinstalasi Jaringan AFL termasuk Pengadaan TGS taxiway C dan D,CV DSYSTEM INTEGRATOR,Kementerian Perhubungan,2024," Rp3,399,200,000.00 "," Rp3,500,000,000.00 "," Rp3,499,000,000.00 ",93547114,1 Juni 2024,Barang,APBN
,Pembangunan Reservoir (5 m x 3 m x 2.5 m ) Termasuk water suply system,CV. FARID ATALLAH,Kementerian Perhubungan,2024," Rp132,439,900,851.00 "," Rp1,440,000,000.00 "," Rp1,440,000,000.00 ",93665114,6 Maret 2024,Pekerjaan Konstruksi,APBN
,Pengembangan fasilitas sisi darat Bandar Udara Tampa Padang,APHASKO UTAMAJAYA,Kementerian Perhubungan,2024," Rp47,209,939,000.00 "," Rp50,000,000,000.00 "," Rp49,000,000,000.00 ",93262114,24 Januari 2024,Pekerjaan Konstruksi,APBN
,Pembangunan Fasilitas Pelabuhan Laut Lebiti,RAHAJENG LESTARI TEKNIK,Kementerian Perhubungan,2024," Rp3,632,131,200.00 "," Rp4,543,922,069.00 "," Rp4,540,164,000.00 ",93936114,"	29 Maret 2024",Pekerjaan Konstruksi,APBN
,Pemenuhan Runway Strip Termasuk Dinding Penahan Tanah (DPT) termasuk pengawasan,RAS RANDAK PAPUA,Kementerian Perhubungan,2024," Rp8,282,000,000.00 "," Rp10,617,300,000.00 "," Rp10,351,900,000.00 ",93739114,14 Februari 2024,Pekerjaan Konstruksi,APBN
,Replacemen Fasilitas Pokok Pelabuhan Kaimana,PT. HIKMAH HIDUP GEMILANG,Kementerian Perhubungan,2024," Rp4,485,757,657,993.00 "," Rp48,789,796,000.00 "," Rp48,758,114,000.00 ",93880114,22 Februari 2024,Pekerjaan Konstruksi,APBN
,Pengadaan 1 Satu Unit Railways Crane untuk Wilayah Sumatera Selatan MYC 2022-2024,PT. Multi Graha Teknika,Kementerian Perhubungan,2024," Rp118,290,480,000.00 "," Rp142,396,350,000.00 "," Rp118,848,895,000.00 ",89493114,"	6 Desember 2022 20:31",Barang,APBN
,Pekerjaan Lanjutan Pengembangan Fasilitas Sisi Udara dan Fasilitas Sisi Darat Bandar Udara Singkawang,PT. KAPUAS PERMAI PARVAIZ,Kementerian Perhubungan,2024," Rp18,612,000,000.00 "," Rp30,734,268,000.00 "," Rp18,800,000,000.00 ",93963114,"	24 Februari 2024",Pekerjaan Konstruksi,APBN
,Renovasi Terminal Bandar Udara Rahadi Oesman Ketapang,LANGSA INDAH LESTARI. PT,Kementerian Perhubungan,2024," Rp154,364,303,351.00 "," Rp19,300,000,000.00 "," Rp19,295,537,918.88 ",95323114,5 Juli 2024 ,Pekerjaan Konstruksi,APBN
,Pembangunan Lapangan Terbang Amo Distrik Amuma Kabupaten Yahukimo,CV. DELTA KARYA,Kementerian Perhubungan,2024," Rp4,204,400,000.00 "," Rp4,805,000,000.00 "," Rp4,805,000,000.00 ",94280114,4/5/2024,Pekerjaan Konstruksi,APBN
,Pembangunan Lapangan Terbang Helareki Kabupaten Yahukimo,MAMBORA KARYA,Kementerian Perhubungan,2024," Rp4,080,016,503.00 "," Rp4,805,000,000.00 "," Rp4,805,000,000.00 ",94281114,4/5/2024,Pekerjaan Konstruksi,APBN
,Lanjutan pekerjaan pembangunan Bandar Udara Korupun,CV. TIMUR PERMAI,Kementerian Perhubungan,2024," Rp4,556,680,095.00 "," Rp4,805,000,000.00 "," Rp4,805,000,000.00 ",94275114,"	4 Mei 2024",Pekerjaan Konstruksi,APBN
,Pemenuhan pagar sisi udara dengan wiremesh arah runway 07 dan 25,CV. DELTA KARYA,Kementerian Perhubungan,2024," Rp3,060,400,000.00 "," Rp3,825,500,000.00 "," Rp3,825,500,000.00 ",94274114,"	4 Mei 2024",Pekerjaan Konstruksi,APBN
,Pekerjaan Pengembangan Bandar Udara SIAU,PT. ANUGERAH BANGUN KENCANA,Kementerian Perhubungan,2024," Rp7,649,017,535,186.00 "," Rp77,498,594,000.00 "," Rp77,497,552,000.00 ",94049114,"	23 Februari 2024",Pekerjaan Konstruksi,APBN
,Perluasan Gedung PKP-PK dan Pelebaran Jalan Akses,CV. NAME PAPUA JAYA,Kementerian Perhubungan,2024," Rp213,598,969,247.00 "," Rp2,187,000,000.00 "," Rp2,186,000,000.00 ",93271114,"	15 Februari 2024",Pekerjaan Konstruksi,APBN
,Pembangunan Jalan Lingkungan,PT. PUTRI SALJU SATRIA,Kementerian Perhubungan,2024," Rp2,527,883,582,326.00 "," Rp27,785,327,000.00 "," Rp27,785,327,000.00 ",94916114,4/3/2024,Pekerjaan Konstruksi,APBN
,Pengadaan dan Pemasangan PAPI di Ujung Runway 27,PT. Karya Cipta Guna Utama,Kementerian Perhubungan,2024," Rp932,260,000.00 "," Rp1,000,000,000.00 "," Rp1,000,000,000.00 ",94319114,15 Maret 2024,Barang,APBN
,Peningkatan Jembatan Kereta Api BH 275 di Km. 63+836 Segmen Temuguruh - Singojuruh lintas Kalisat - Banyuwangi,PT. Tunggul Jaya,Kementerian Perhubungan,2024," Rp23,431,534,400.00 "," Rp29,536,812,000.00 "," Rp29,289,418,000.00 ",94930114,12 Juni 2024,Pekerjaan Konstruksi,APBN
,Pematangan Lahan Dan Pembangunan Lahan Penumpukan Dan Assembling Kendaraan Pada Wilayah Backup Area Pelabuhan Patimban Ta. 2024,PT. MERDEKA INTI PERSADA,Kementerian Perhubungan,2024," Rp4,398,312,362,946.00 "," Rp48,850,000,000.00 "," Rp48,850,000,000.00 ",94491114,28 Maret 2024,Pekerjaan Konstruksi,APBN
,Perluasan Apron dari 138 x 43 m menjadi 150 m x 78 m dan Pembuatan Exit Taxiway 77 m x 18 m dengan Asphalt Hotmix termasuk marking,CV. GIMEY OFAN CONTRUCTION,Kementerian Perhubungan,2024," Rp791,585,395,163.00 "," Rp9,217,873,000.00 "," Rp9,212,411,138.86 ",94404114,4 Maret 2024,Pekerjaan Konstruksi,APBN
,Peningkatan Jembatan KA BH 343 Segmen Kisaran - Tanjung Balai,PT.LIMUTU SEJAHTERA,Kementerian Perhubungan,2024," Rp3,676,433,349,916.00 "," Rp40,363,250,000.00 "," Rp39,112,000,000.00 ",94670114,4/2/2024,Pekerjaan Konstruksi,APBN
,Pengembangan Bandar Udara Syukuran Aminuddin Amir,PT Perkasa Jaya Inti Persada,Kementerian Perhubungan,2024," Rp5,449,756,678,357.00 "," Rp57,365,859,000.00 "," Rp57,365,859,000.00 ",94576114,13 Maret 2024,Pekerjaan Konstruksi,APBN
,Replacement Fasilitas Pelabuhan Sungai Guntung,PT. TOBE INDAH,Kementerian Perhubungan,2024," Rp1,766,431,873,713.00 "," Rp22,107,873,000.00 "," Rp22,107,873,000.00 ",94806114,4/25/2024,Pekerjaan Konstruksi,APBN
,Peningkatan Jembatan Kereta Api BH 1077 di KM. 294+913 Segmen Prupuk - Linggapura Lintas Cirebon - Kroya (PK.01-24),PT. KARYA AGUNG MANDIRI JAYA,Kementerian Perhubungan,2024," Rp20,161,908,000.00 "," Rp26,044,840,000.00 "," Rp25,202,385,000.00 ",94929114,19 Juni 2024,Pekerjaan Konstruksi,APBN
,Peningkatan Jembatan Kereta Api BH 1102 di KM. 303+018 Segmen Prupuk - Linggapura Lintas Cirebon - Kroya (PK.02-24),MUTU UTAMA KONSTRUKSI,Kementerian Perhubungan,2024," Rp25,272,538,400.00 "," Rp34,400,000,000.00 "," Rp31,590,673,000.00 ",95084114,27 Mei 2024,Pekerjaan Konstruksi,APBN
,Perawatan dan Perbaikan Gedung 6 Stasiun dan Bangunan Lainnya di Wilayah Balai Teknik Perkeretaapian Kelas I Jakarta,cv.bintang selatan,Kementerian Perhubungan,2024," Rp1,493,265,110.00 "," Rp1,890,209,000.00 "," Rp1,890,209,000.00 ",94869114,1 Mei 2024,Pekerjaan Konstruksi,APBN
,Rehabilitasi Terminal Penumpang Pelabuhan Sanana,CV. RACHMAT PRATAMA,Kementerian Perhubungan,2024," Rp674,960,000.00 "," Rp843,770,000.00 "," Rp843,770,000.00 ",94943114,11 Mei 2024,Pekerjaan Konstruksi,APBN
,Rehabilitasi Rumah Dinas Type 36 ( 3 Unit ),CV. MUTIARA TIMUR CONTRACTOR,Kementerian Perhubungan,2024," Rp380,990,145.00 "," Rp409,910,000.00 "," Rp409,910,000.00 ",95144114,13 Mei 2024,Pekerjaan Konstruksi,APBN
,Pembangunan Ruang Rapat Pelayanan Satu Atap dan Tempat Pelayanan KSOP Bima,CV KARYA LESTARI,Kementerian Perhubungan,2024," Rp1,660,000,000.00 "," Rp2,075,700,000.00 "," Rp2,075,000,000.00 ",95163114,5 Juni 2024,Pekerjaan Konstruksi,APBN
,Pembangunan Terminal Penumpang,PT. VIONA KENCANA PERMAI,Kementerian Perhubungan,2024," Rp889,030,038,614.00 "," Rp24,000,000,000.00 "," Rp9,549,992,700.00 ",93578114,13 Februari 2024,Pekerjaan Konstruksi,APBN
,Revitalisasi UPPKB Sabilambo,PT. MERDEKA INTI PERSADA,Kementerian Perhubungan,2024," Rp1,653,815,681,681.00 "," Rp19,494,773,000.00 "," Rp19,483,168,276.02 ",93832114,31 Januari 2024,Pekerjaan Konstruksi,APBN
,Pembangunan Gedung Pelayanan BPTD Sulawesi Tenggara,CV. HASIL KARYA UTAMA,Kementerian Perhubungan,2024," Rp1,410,261,646,359.00 "," Rp14,450,042,000.00 "," Rp14,449,655,354.91 ",93887114,5 Februari 2024,Pekerjaan Konstruksi,APBN
,"Pengembangan Bandar Udara Long Apung, Malinau, Kalimantan Utara",PT. MERDEKA INTI PERSADA,Kementerian Perhubungan,2024," Rp17,641,000,000.00 "," Rp20,000,000,000.00 "," Rp18,999,999,000.00 ",93150114,24 Januari 2024,Pekerjaan Konstruksi,APBN
,Pembangunan Gedung Pelayanan BPTD NTT,CV. Wijaya Mandiri,Kementerian Perhubungan,2024," Rp1,451,992,956,392.00 "," Rp15,100,000,000.00 "," Rp14,571,000,000.00 ",93382114,13 Maret 2024,Pekerjaan Konstruksi,APBN
,Lanjutan Pelebaran Dermaga Pelabuhan Ampana dan Pengembangan Fasilitas Darat Pelabuhan Ampana,CV SINAR SARONDE LESTARI,Kementerian Perhubungan,2024," Rp99,153,394,732.00 "," Rp13,474,229,630.00 "," Rp13,434,623,000.00 ",94531114,27 Februari 2024,Pekerjaan Konstruksi,APBN
,LANJUTAN PENGEMBANGAN FASILITAS LAUT PELABUHAN MATUI,PT.TRI KARYA UTAMA CENDANA,Kementerian Perhubungan,2024," Rp5,303,730,431,734.00 "," Rp62,416,668,000.00 "," Rp62,416,666,494.82 ",93825114,19 Januari 2024,Pekerjaan Konstruksi,APBN
,PEKERJAAN KONSTRUKSI FLATFORM PERALATAN PERAWATAN DAN FASILITAS PENDUKUNG PERAWATAN SARANA PERKERETAAPIAN,PT. TOLERANSI ACEH,Kementerian Perhubungan,2024," Rp2,276,151,211,575.00 "," Rp26,030,974,000.00 "," Rp26,030,974,000.00 ",94791114,4/25/2024,Pekerjaan Konstruksi,APBN
,PENGEMBANGAN BANDAR UDARA LETUNG TAHAP II,ALAM LINTAS INDONESIA,Kementerian Perhubungan,2024," Rp2,347,341,588,836.00 "," Rp25,000,000,000.00 "," Rp24,199,390,000.00 ",92936114,15 Desember 2023,Pekerjaan Konstruksi,APBN
,Pembangunan Pelabuhan Penyeberangan Pulau Burung Tahap I,PT. Syarif Spesialis Karya,Kementerian Perhubungan,2024," Rp38,574,133,859.00 "," Rp45,381,280,000.00 "," Rp45,381,267,000.00 ",94079114,8 Maret 2024,Pekerjaan Konstruksi,APBN
,Pembangunan Terminal Barang Internasional Motamasin NTT Tahap III,CV. SARWO BATHI PERMANA,Kementerian Perhubungan,2024," Rp444,978,314,804.00 "," Rp4,889,857,875.00 "," Rp4,889,857,875.00 ",94375114,15 Maret 2024,Pekerjaan Konstruksi,APBN
,Peningkatan UPPKB NBS (Dampak Seroja),CV.ORLAND,Kementerian Perhubungan,2024," Rp3,065,800,000.00 "," Rp5,755,187,000.00 "," Rp3,419,965,000.00 ",93384114,16 Januari 2024,Pekerjaan Konstruksi,APBN
,Pembangunan Terminal Barang Internasional Wini NTT Tahap III,PT. HISAR MAKMUR,Kementerian Perhubungan,2024," Rp171,871,610,965.00 "," Rp18,484,786,820.00 "," Rp18,484,778,000.00 ",94340114,18 Maret 2024,Pekerjaan Konstruksi,APBN
,"Peningkatan/ Revitalisasi Terminal Tipe A Bimoku, Kupang NTT",CV. TIRA PERSADA,Kementerian Perhubungan,2024," Rp9,191,995,163.00 "," Rp10,391,000,000.00 "," Rp10,262,247,000.00 ",94399114,13 Maret 2024,Pekerjaan Konstruksi,APBN
,Peningkatan Jembatan Kereta Api BH 443 di Km.226+986 Antara Kemelak - Baturaja Lintas Prabumulih - Tarahan,PT KARYABARU ADYAPRATAMA,Kementerian Perhubungan,2024," Rp7,449,143,467,821.00 "," Rp83,034,370,000.00 "," Rp82,769,240,000.00 ",94697114,29 Maret 2024,Pekerjaan Konstruksi,APBN
,Peningkatan Jembatan Kereta Api BH 785 di Km. 344+599 antara Niru - Talang Padang Lintas Prabumulih - Muaraenim,PT. AGUNG KUSUMA,Kementerian Perhubungan,2024," Rp4,459,425,689,754.00 "," Rp50,491,440,000.00 "," Rp50,108,950,000.00 ",94700114,29 Maret 2024,Pekerjaan Konstruksi,APBN
,Penanganan Rintang Jalan Lintas Prabumulih - Tarahan Tahap II antara Gilas - Sepancar Km. 210+700 - Km. 214+200,PT. INSAN KHARISMA ABADI,Kementerian Perhubungan,2024," Rp23,325,500,000.00 "," Rp28,305,584,000.00 "," Rp28,087,989,000.00 ",94709114,29 Maret 2024,Pekerjaan Konstruksi,APBN
,Penanganan Rintang Jalan Lintas Prabumulih - Tarahan Tahap II antara Tulungbuyut - Negeriagung Km. 139+800 - Km. 144+700,PT. BIMA PANCA KARYA,Kementerian Perhubungan,2024," Rp2,253,488,080,176.00 "," Rp28,295,164,000.00 "," Rp28,168,601,000.00 ",95147114,29 Mei 2024,Pekerjaan Konstruksi,APBN
,Penanganan Rintang Jalan Lintas Prabumulih - Tarahan Tahap II antara Gilas - Sepancar Km. 206+100 - Km. 206+560,PT. Krida Utama,Kementerian Perhubungan,2024," Rp1,740,049,262,452.00 "," Rp21,819,909,000.00 "," Rp21,745,567,000.00 ",94707114,29 Maret 2024,Pekerjaan Konstruksi,APBN
,Penanganan Rintang Jalan Lintas Prabumulih - Tarahan Tahap II antara Gilas - Sepancar Km. 207+000 - Km. 210+500,PT. AGUNG KUSUMA,Kementerian Perhubungan,2024," Rp4,459,425,689,754.00 "," Rp50,491,440,000.00 "," Rp50,108,950,000.00 ",94700114,29 Maret 2024,Pekerjaan Konstruksi,APBN
,Peningkatan Jalur KA Lintas Tarahan - Tanjungenim Tahap I Segmen Stasiun Branti - Stasiun Tegineneng,PT. RINDANG SEJATI,Kementerian Perhubungan,2024," Rp19,352,016,000.00 "," Rp24,264,194,000.00 "," Rp24,190,020,000.00 ",95264114,4 Juni 2024,Pekerjaan Konstruksi,APBN
,Pembangunan Halte Sungai Desa Simalinyang,PT.PADMA BINTANG BUANA,Kementerian Perhubungan,2024," Rp1,810,663,018.00 "," Rp2,075,612,000.00 "," Rp2,073,612,000.00 ",95090114,5 Juli 2024,Pekerjaan Konstruksi,APBN
,Pembangunan Halte Sungai Desa Kuala Hidayat Desa Teluk Dalam,PT. DOMAS,Kementerian Perhubungan,2024," Rp1,920,000,000.00 "," Rp2,400,000,000.00 "," Rp2,400,000,000.00 ",95089114,1 Juli 2024,Pekerjaan Konstruksi,APBN
,Pembangunan Halte Sungai Kep. Mesah,CV. TIRA PERSADA,Kementerian Perhubungan,2024," Rp167,617,969,071.00 "," Rp1,933,437,000.00 "," Rp1,933,437,000.00 ",94830114,28 Juni 2024,Pekerjaan Konstruksi,APBN
,Peningkatan Geometrik Jalur KA Untuk Menunjang Pembangunan Jembatan KA BH 289 dan BH 309 Antara Blambanganumpu - Giham Lintas Prabumulih - Tarahan,PT. AMERTA GAMA NUSANTARA,Kementerian Perhubungan,2024," Rp776,546,400,387.00 "," Rp9,750,027,000.00 "," Rp9,706,830,000.00 ",94870114,4/23/2024,Pekerjaan Konstruksi,APBN
,Pembangunan Pelabuhan Penyeberangan Mantung Belinyu Prov. Bangka Belitung (Tahap I),PT. YUDHA PERKASA UTAMA,Kementerian Perhubungan,2024," Rp2,057,640,419,936.00 "," Rp43,439,570,894.00 "," Rp24,836,070,000.00 ",94966114,19 Juni 2024,Pekerjaan Konstruksi,APBN
